{"rmse": 8840.595418662277, "mae": 6838.517133497538, "r2": 0.48025182074701134}